"","Debug","Info","Warning","date","sn","bu","log","time","sw_v_e","keep_5_r","keep_5_v","keep_5_pct","keep_60_r","keep_60_v","keep_60_pct","sw_v_b","test_b","name_b","start_t","end_t","duration","pressure.5.all","pressure.5.p","pressure.5.result","pressure.60.all","pressure.60.p","pressure.60.result","online"
"1",107,291,1,2021-05-03,"BU080321C00060","BU080321C00060","4188_F","210503_154335_0","v1.0.2.1_20210305_",-125,-93,25.6,-93,-92,1.08,"v1.0.2.1_20210305_","_ONLINE TEST START","Firestorm_PA(Waterproof Test)",2021-05-03 15:42:00,2021-05-03 15:43:35,1.58333333333333,"5s(-125--93) [25.60%]<=[26.00%] | <P>] PASS","25.60%","PASS","60s(-93--92) [1.08%]<=[1.99%] | <P>] PASS","1.08%","PASS","ONLINE"
"2",108,292,1,2021-05-04,"BU080321C00013","BU080321C00013","5404_F","210504_105300_0","v1.0.2.1_20210305_",-125,-94,24.8,-94,-93,1.06,"v1.0.2.1_20210305_","_ONLINE TEST START","Firestorm_PA(Waterproof Test)",2021-05-04 10:51:48,2021-05-04 10:53:00,1.2,"5s(-125--94) [24.80%]<=[26.00%] | <P>] PASS","24.80%","PASS","60s(-94--93) [1.06%]<=[1.99%] | <P>] PASS","1.06%","PASS","ONLINE"
"3",109,293,1,2021-05-04,"BU080321C00071","BU080321C00071","4728_F","210504_154713_0","v1.0.2.1_20210305_",-126,-94,25.4,-94,-93,1.06,"v1.0.2.1_20210305_","_ONLINE TEST START","Firestorm_PA(Waterproof Test)",2021-05-04 15:46:01,2021-05-04 15:47:13,1.2,"5s(-126--94) [25.40%]<=[26.00%] | <P>] PASS","25.40%","PASS","60s(-94--93) [1.06%]<=[1.99%] | <P>] PASS","1.06%","PASS","ONLINE"
"4",107,291,1,2021-05-04,"BU080321C00081","BU080321C00081","3204_F","210504_162456_0","v1.0.2.1_20210305_",-125,-94,24.8,-94,-93,1.06,"v1.0.2.1_20210305_","_ONLINE TEST START","Firestorm_PA(Waterproof Test)",2021-05-04 16:23:44,2021-05-04 16:24:56,1.2,"5s(-125--94) [24.80%]<=[26.00%] | <P>] PASS","24.80%","PASS","60s(-94--93) [1.06%]<=[1.99%] | <P>] PASS","1.06%","PASS","ONLINE"
"5",107,291,1,2021-05-04,"BU080321C00084","BU080321C00084","6884_F","210504_163502_0","v1.0.2.1_20210305_",-125,-94,24.8,-94,-93,1.06,"v1.0.2.1_20210305_","_ONLINE TEST START","Firestorm_PA(Waterproof Test)",2021-05-04 16:33:50,2021-05-04 16:35:02,1.2,"5s(-125--94) [24.80%]<=[26.00%] | <P>] PASS","24.80%","PASS","60s(-94--93) [1.06%]<=[1.99%] | <P>] PASS","1.06%","PASS","ONLINE"
"6",106,290,1,2021-05-05,"BU080321C00020","BU080321C00020","7148_F","210505_110035_0","v1.0.2.1_20210305_",-125,-93,25.6,-93,-92,1.08,"v1.0.2.1_20210305_","_ONLINE TEST START","Firestorm_PA(Waterproof Test)",2021-05-05 10:59:22,2021-05-05 11:00:35,1.21666666666667,"5s(-125--93) [25.60%]<=[26.00%] | <P>] PASS","25.60%","PASS","60s(-93--92) [1.08%]<=[1.99%] | <P>] PASS","1.08%","PASS","ONLINE"
"7",108,292,1,2021-05-05,"BU080321C00029","BU080321C00029","2972_F","210505_163325_0","v1.0.2.1_20210305_",-126,-95,24.6,-95,-94,1.05,"v1.0.2.1_20210305_","_OFFLINE TEST START","Firestorm_PA(Waterproof Test)",2021-05-05 16:32:13,2021-05-05 16:33:25,1.2,"5s(-126--95) [24.60%]<=[26.00%] | <P>] PASS","24.60%","PASS","60s(-95--94) [1.05%]<=[1.99%] | <P>] PASS","1.05%","PASS","OFFLINE"
"8",106,290,1,2021-05-05,"BU080321C00072","BU080321C00072","6660_F","210505_104108_0","v1.0.2.1_20210305_",-125,-93,25.6,-93,-92,1.08,"v1.0.2.1_20210305_","_ONLINE TEST START","Firestorm_PA(Waterproof Test)",2021-05-05 10:39:56,2021-05-05 10:41:08,1.2,"5s(-125--93) [25.60%]<=[26.00%] | <P>] PASS","25.60%","PASS","60s(-93--92) [1.08%]<=[1.99%] | <P>] PASS","1.08%","PASS","ONLINE"
"9",108,292,1,2021-05-05,"BU080321C00177","BU080321C00177","6592_F","210505_141545_0","v1.0.2.1_20210305_",-125,-94,24.8,-94,-93,1.06,"v1.0.2.1_20210305_","_ONLINE TEST START","Firestorm_PA(Waterproof Test)",2021-05-05 14:14:33,2021-05-05 14:15:45,1.2,"5s(-125--94) [24.80%]<=[26.00%] | <P>] PASS","24.80%","PASS","60s(-94--93) [1.06%]<=[1.99%] | <P>] PASS","1.06%","PASS","ONLINE"
"10",115,299,1,2021-05-07,"BU080321C00019","BU080321C00019","7148_F","210507_152729_0","v1.0.2.1_20210305_",-135,-104,22.96,-104,-104,0,"v1.0.2.1_20210305_","_ONLINE TEST START","Firestorm_PA(Waterproof Test)",2021-05-07 15:26:16,2021-05-07 15:27:29,1.21666666666667,"5s(-135--104) [22.96%]<=[26.00%] | <P>] PASS","22.96%","PASS","60s(-104--104) [0.00%]<=[1.99%] | <P>] PASS","0.00%","PASS","ONLINE"
"11",117,301,2,2021-05-07,"BU080321C00034","BU080321C00034","5796_F","210507_112728_0","v1.0.2.1_20210305_",-135,-104,22.96,-104,-103,0.96,"v1.0.2.1_20210305_","_ONLINE TEST START","Firestorm_PA(Waterproof Test)",2021-05-07 11:26:14,2021-05-07 11:27:28,1.23333333333333,"5s(-135--104) [22.96%]<=[26.00%] | <P>] PASS","22.96%","PASS","60s(-104--103) [0.96%]<=[1.99%] | <P>] PASS","0.96%","PASS","ONLINE"
"12",116,300,1,2021-05-07,"BU080321C00065","BU080321C00065","3848_F","210507_151923_0","v1.0.2.1_20210305_",-135,-104,22.96,-104,-103,0.96,"v1.0.2.1_20210305_","_ONLINE TEST START","Firestorm_PA(Waterproof Test)",2021-05-07 15:18:10,2021-05-07 15:19:23,1.21666666666667,"5s(-135--104) [22.96%]<=[26.00%] | <P>] PASS","22.96%","PASS","60s(-104--103) [0.96%]<=[1.99%] | <P>] PASS","0.96%","PASS","ONLINE"
"13",115,299,1,2021-05-07,"BU080321C00068","BU080321C00068","5876_F","210507_113112_0","v1.0.2.1_20210305_",-135,-103,23.7,-103,-102,0.97,"v1.0.2.1_20210305_","_ONLINE TEST START","Firestorm_PA(Waterproof Test)",2021-05-07 11:29:59,2021-05-07 11:31:12,1.21666666666667,"5s(-135--103) [23.70%]<=[26.00%] | <P>] PASS","23.70%","PASS","60s(-103--102) [0.97%]<=[1.99%] | <P>] PASS","0.97%","PASS","ONLINE"
"14",116,300,1,2021-05-07,"BU080321C00069","BU080321C00069","3416_F","210507_140024_0","v1.0.2.1_20210305_",-135,-103,23.7,-103,-101,1.94,"v1.0.2.1_20210305_","_ONLINE TEST START","Firestorm_PA(Waterproof Test)",2021-05-07 13:59:11,2021-05-07 14:00:24,1.21666666666667,"5s(-135--103) [23.70%]<=[26.00%] | <P>] PASS","23.70%","PASS","60s(-103--101) [1.94%]<=[1.99%] | <P>] PASS","1.94%","PASS","ONLINE"
"15",114,298,1,2021-05-07,"BU080321C00078","BU080321C00078","4256_F","210507_140905_0","v1.0.2.1_20210305_",-135,-102,24.44,-102,-101,0.98,"v1.0.2.1_20210305_","_ONLINE TEST START","Firestorm_PA(Waterproof Test)",2021-05-07 14:07:53,2021-05-07 14:09:05,1.2,"5s(-135--102) [24.44%]<=[26.00%] | <P>] PASS","24.44%","PASS","60s(-102--101) [0.98%]<=[1.99%] | <P>] PASS","0.98%","PASS","ONLINE"
"16",115,299,1,2021-05-07,"BU080321C00083","BU080321C00083","6712_F","210507_113512_0","v1.0.2.1_20210305_",-135,-103,23.7,-103,-101,1.94,"v1.0.2.1_20210305_","_ONLINE TEST START","Firestorm_PA(Waterproof Test)",2021-05-07 11:33:59,2021-05-07 11:35:12,1.21666666666667,"5s(-135--103) [23.70%]<=[26.00%] | <P>] PASS","23.70%","PASS","60s(-103--101) [1.94%]<=[1.99%] | <P>] PASS","1.94%","PASS","ONLINE"
"17",113,297,1,2021-05-07,"BU080321C00086","BU080321C00086","5768_F","210507_133902_0","v1.0.2.1_20210305_",-135,-102,24.44,-102,-101,0.98,"v1.0.2.1_20210305_","_ONLINE TEST START","Firestorm_PA(Waterproof Test)",2021-05-07 13:37:49,2021-05-07 13:39:02,1.21666666666667,"5s(-135--102) [24.44%]<=[26.00%] | <P>] PASS","24.44%","PASS","60s(-102--101) [0.98%]<=[1.99%] | <P>] PASS","0.98%","PASS","ONLINE"
"18",116,300,1,2021-05-07,"BU080321C00087","BU080321C00087","6880_F","210507_140441_0","v1.0.2.1_20210305_",-135,-104,22.96,-104,-102,1.92,"v1.0.2.1_20210305_","_ONLINE TEST START","Firestorm_PA(Waterproof Test)",2021-05-07 14:03:29,2021-05-07 14:04:41,1.2,"5s(-135--104) [22.96%]<=[26.00%] | <P>] PASS","22.96%","PASS","60s(-104--102) [1.92%]<=[1.99%] | <P>] PASS","1.92%","PASS","ONLINE"
"19",116,300,1,2021-05-07,"BU080321C00090","BU080321C00090","4888_F","210507_145927_0","v1.0.2.1_20210305_",-135,-103,23.7,-103,-101,1.94,"v1.0.2.1_20210305_","_ONLINE TEST START","Firestorm_PA(Waterproof Test)",2021-05-07 14:58:14,2021-05-07 14:59:27,1.21666666666667,"5s(-135--103) [23.70%]<=[26.00%] | <P>] PASS","23.70%","PASS","60s(-103--101) [1.94%]<=[1.99%] | <P>] PASS","1.94%","PASS","ONLINE"
"20",114,298,1,2021-05-07,"BU080321C00091","BU080321C00091","2204_F","210507_104031_0","v1.0.2.1_20210305_",-135,-103,23.7,-103,-101,1.94,"v1.0.2.1_20210305_","_ONLINE TEST START","Firestorm_PA(Waterproof Test)",2021-05-07 10:38:55,2021-05-07 10:40:31,1.6,"5s(-135--103) [23.70%]<=[26.00%] | <P>] PASS","23.70%","PASS","60s(-103--101) [1.94%]<=[1.99%] | <P>] PASS","1.94%","PASS","ONLINE"
"21",113,297,1,2021-05-07,"BU080321C00100","BU080321C00100","6700_F","210507_160804_0","v1.0.2.1_20210305_",-135,-103,23.7,-103,-102,0.97,"v1.0.2.1_20210305_","_ONLINE TEST START","Firestorm_PA(Waterproof Test)",2021-05-07 16:06:51,2021-05-07 16:08:04,1.21666666666667,"5s(-135--103) [23.70%]<=[26.00%] | <P>] PASS","23.70%","PASS","60s(-103--102) [0.97%]<=[1.99%] | <P>] PASS","0.97%","PASS","ONLINE"
"22",114,298,2,2021-05-07,"BU080321C00114","BU080321C00114","5696_F","210507_161151_0","v1.0.2.1_20210305_",-135,-102,24.44,-102,-101,0.98,"v1.0.2.1_20210305_","_ONLINE TEST START","Firestorm_PA(Waterproof Test)",2021-05-07 16:10:37,2021-05-07 16:11:51,1.23333333333333,"5s(-135--102) [24.44%]<=[26.00%] | <P>] PASS","24.44%","PASS","60s(-102--101) [0.98%]<=[1.99%] | <P>] PASS","0.98%","PASS","ONLINE"
"23",116,300,1,2021-05-07,"BU080321C00133","BU080321C00133","6804_F","210507_160020_0","v1.0.2.1_20210305_",-135,-104,22.96,-104,-102,1.92,"v1.0.2.1_20210305_","_ONLINE TEST START","Firestorm_PA(Waterproof Test)",2021-05-07 15:59:06,2021-05-07 16:00:20,1.23333333333333,"5s(-135--104) [22.96%]<=[26.00%] | <P>] PASS","22.96%","PASS","60s(-104--102) [1.92%]<=[1.99%] | <P>] PASS","1.92%","PASS","ONLINE"
"24",115,299,1,2021-05-07,"BU080321C00139","BU080321C00139","3044_F","210507_134409_0","v1.0.2.1_20210305_",-135,-104,22.96,-104,-102,1.92,"v1.0.2.1_20210305_","_ONLINE TEST START","Firestorm_PA(Waterproof Test)",2021-05-07 13:42:56,2021-05-07 13:44:09,1.21666666666667,"5s(-135--104) [22.96%]<=[26.00%] | <P>] PASS","22.96%","PASS","60s(-104--102) [1.92%]<=[1.99%] | <P>] PASS","1.92%","PASS","ONLINE"
"25",113,297,2,2021-05-07,"BU080321C00140","BU080321C00140","5752_F","210507_131130_0","v1.0.2.1_20210305_",-135,-103,23.7,-103,-101,1.94,"v1.0.2.1_20210305_","_ONLINE TEST START","Firestorm_PA(Waterproof Test)",2021-05-07 13:10:18,2021-05-07 13:11:30,1.2,"5s(-135--103) [23.70%]<=[26.00%] | <P>] PASS","23.70%","PASS","60s(-103--101) [1.94%]<=[1.99%] | <P>] PASS","1.94%","PASS","ONLINE"
"26",116,300,1,2021-05-07,"BU080321C00166","BU080321C00166","3840_F","210507_111408_0","v1.0.2.1_20210305_",-136,-105,22.79,-105,-103,1.9,"v1.0.2.1_20210305_","_ONLINE TEST START","Firestorm_PA(Waterproof Test)",2021-05-07 11:12:55,2021-05-07 11:14:08,1.21666666666667,"5s(-136--105) [22.79%]<=[26.00%] | <P>] PASS","22.79%","PASS","60s(-105--103) [1.90%]<=[1.99%] | <P>] PASS","1.90%","PASS","ONLINE"
"27",115,299,1,2021-05-10,"BU080321C00015","BU080321C00015","5324_F","210510_114247_0","v1.0.2.1_20210305_",-136,-105,22.79,-105,-104,0.95,"v1.0.2.1_20210305_","_ONLINE TEST START","Firestorm_PA(Waterproof Test)",2021-05-10 11:41:34,2021-05-10 11:42:47,1.21666666666667,"5s(-136--105) [22.79%]<=[26.00%] | <P>] PASS","22.79%","PASS","60s(-105--104) [0.95%]<=[1.99%] | <P>] PASS","0.95%","PASS","ONLINE"
"28",116,300,1,2021-05-10,"BU080321C00017","BU080321C00017","6048_F","210510_152835_0","v1.0.2.1_20210305_",-135,-104,22.96,-104,-103,0.96,"v1.0.2.1_20210305_","_ONLINE TEST START","Firestorm_PA(Waterproof Test)",2021-05-10 15:27:23,2021-05-10 15:28:35,1.2,"5s(-135--104) [22.96%]<=[26.00%] | <P>] PASS","22.96%","PASS","60s(-104--103) [0.96%]<=[1.99%] | <P>] PASS","0.96%","PASS","ONLINE"
"29",113,297,1,2021-05-10,"BU080321C00018","BU080321C00018","836_F","210510_112025_0","v1.0.2.1_20210305_",-136,-104,23.53,-104,-102,1.92,"v1.0.2.1_20210305_","_OFFLINE TEST START","Firestorm_PA(Waterproof Test)",2021-05-10 11:19:13,2021-05-10 11:20:25,1.2,"5s(-136--104) [23.53%]<=[26.00%] | <P>] PASS","23.53%","PASS","60s(-104--102) [1.92%]<=[1.99%] | <P>] PASS","1.92%","PASS","OFFLINE"
"30",115,299,1,2021-05-10,"BU080321C00018","BU080321C00018","6068_F","210510_112441_0","v1.0.2.1_20210305_",-135,-105,22.22,-105,-103,1.9,"v1.0.2.1_20210305_","_ONLINE TEST START","Firestorm_PA(Waterproof Test)",2021-05-10 11:23:28,2021-05-10 11:24:41,1.21666666666667,"5s(-135--105) [22.22%]<=[26.00%] | <P>] PASS","22.22%","PASS","60s(-105--103) [1.90%]<=[1.99%] | <P>] PASS","1.90%","PASS","ONLINE"
"31",115,299,1,2021-05-10,"BU080321C00028","BU080321C00028","5444_F","210510_115519_0","v1.0.2.1_20210305_",-136,-105,22.79,-105,-104,0.95,"v1.0.2.1_20210305_","_ONLINE TEST START","Firestorm_PA(Waterproof Test)",2021-05-10 11:54:07,2021-05-10 11:55:19,1.2,"5s(-136--105) [22.79%]<=[26.00%] | <P>] PASS","22.79%","PASS","60s(-105--104) [0.95%]<=[1.99%] | <P>] PASS","0.95%","PASS","ONLINE"
"32",115,299,1,2021-05-10,"BU080321C00029","BU080321C00029","3428_F","210510_143313_0","v1.0.2.1_20210305_",-135,-104,22.96,-104,-104,0,"v1.0.2.1_20210305_","_ONLINE TEST START","Firestorm_PA(Waterproof Test)",2021-05-10 14:32:01,2021-05-10 14:33:13,1.2,"5s(-135--104) [22.96%]<=[26.00%] | <P>] PASS","22.96%","PASS","60s(-104--104) [0.00%]<=[1.99%] | <P>] PASS","0.00%","PASS","ONLINE"
"33",115,299,1,2021-05-10,"BU080321C00033","BU080321C00033","4516_F","210510_100749_0","v1.0.2.1_20210305_",-135,-104,22.96,-104,-104,0,"v1.0.2.1_20210305_","_ONLINE TEST START","Firestorm_PA(Waterproof Test)",2021-05-10 10:06:14,2021-05-10 10:07:49,1.58333333333333,"5s(-135--104) [22.96%]<=[26.00%] | <P>] PASS","22.96%","PASS","60s(-104--104) [0.00%]<=[1.99%] | <P>] PASS","0.00%","PASS","ONLINE"
"34",116,300,1,2021-05-10,"BU080321C00046","BU080321C00046","4368_F","210510_153227_0","v1.0.2.1_20210305_",-135,-104,22.96,-104,-103,0.96,"v1.0.2.1_20210305_","_ONLINE TEST START","Firestorm_PA(Waterproof Test)",2021-05-10 15:31:15,2021-05-10 15:32:27,1.2,"5s(-135--104) [22.96%]<=[26.00%] | <P>] PASS","22.96%","PASS","60s(-104--103) [0.96%]<=[1.99%] | <P>] PASS","0.96%","PASS","ONLINE"
"35",115,299,1,2021-05-10,"BU080321C00051","BU080321C00051","4612_F","210510_120112_0","v1.0.2.1_20210305_",-135,-104,22.96,-104,-102,1.92,"v1.0.2.1_20210305_","_ONLINE TEST START","Firestorm_PA(Waterproof Test)",2021-05-10 11:59:59,2021-05-10 12:01:12,1.21666666666667,"5s(-135--104) [22.96%]<=[26.00%] | <P>] PASS","22.96%","PASS","60s(-104--102) [1.92%]<=[1.99%] | <P>] PASS","1.92%","PASS","ONLINE"
"36",115,299,1,2021-05-10,"BU080321C00070","BU080321C00070","3104_F","210510_104208_0","v1.0.2.1_20210305_",-136,-104,23.53,-104,-104,0,"v1.0.2.1_20210305_","_OFFLINE TEST START","Firestorm_PA(Waterproof Test)",2021-05-10 10:40:56,2021-05-10 10:42:08,1.2,"5s(-136--104) [23.53%]<=[26.00%] | <P>] PASS","23.53%","PASS","60s(-104--104) [0.00%]<=[1.99%] | <P>] PASS","0.00%","PASS","OFFLINE"
"37",115,299,1,2021-05-10,"BU080321C00070","BU080321C00070","3980_F","210510_105906_0","v1.0.2.1_20210305_",-135,-104,22.96,-104,-102,1.92,"v1.0.2.1_20210305_","_ONLINE TEST START","Firestorm_PA(Waterproof Test)",2021-05-10 10:57:54,2021-05-10 10:59:06,1.2,"5s(-135--104) [22.96%]<=[26.00%] | <P>] PASS","22.96%","PASS","60s(-104--102) [1.92%]<=[1.99%] | <P>] PASS","1.92%","PASS","ONLINE"
"38",113,297,1,2021-05-10,"BU080321C00076","BU080321C00076","5016_F","210510_104922_0","v1.0.2.1_20210305_",-135,-104,22.96,-104,-102,1.92,"v1.0.2.1_20210305_","_OFFLINE TEST START","Firestorm_PA(Waterproof Test)",2021-05-10 10:48:10,2021-05-10 10:49:22,1.2,"5s(-135--104) [22.96%]<=[26.00%] | <P>] PASS","22.96%","PASS","60s(-104--102) [1.92%]<=[1.99%] | <P>] PASS","1.92%","PASS","OFFLINE"
"39",112,296,1,2021-05-10,"BU080321C00076","BU080321C00076","5772_F","210510_105155_0","v1.0.2.1_20210305_",-135,-104,22.96,-104,-102,1.92,"v1.0.2.1_20210305_","_ONLINE TEST START","Firestorm_PA(Waterproof Test)",2021-05-10 10:50:42,2021-05-10 10:51:55,1.21666666666667,"5s(-135--104) [22.96%]<=[26.00%] | <P>] PASS","22.96%","PASS","60s(-104--102) [1.92%]<=[1.99%] | <P>] PASS","1.92%","PASS","ONLINE"
"40",115,299,1,2021-05-10,"BU080321C00076","BU080321C00076","5916_F","210510_110919_0","v1.0.2.1_20210305_",-135,-104,22.96,-104,-103,0.96,"v1.0.2.1_20210305_","_OFFLINE TEST START","Firestorm_PA(Waterproof Test)",2021-05-10 11:08:07,2021-05-10 11:09:19,1.2,"5s(-135--104) [22.96%]<=[26.00%] | <P>] PASS","22.96%","PASS","60s(-104--103) [0.96%]<=[1.99%] | <P>] PASS","0.96%","PASS","OFFLINE"
"41",116,300,1,2021-05-10,"BU080321C00077","BU080321C00077","4752_F","210510_144144_0","v1.0.2.1_20210305_",-135,-105,22.22,-105,-104,0.95,"v1.0.2.1_20210305_","_OFFLINE TEST START","Firestorm_PA(Waterproof Test)",2021-05-10 14:40:32,2021-05-10 14:41:44,1.2,"5s(-135--105) [22.22%]<=[26.00%] | <P>] PASS","22.22%","PASS","60s(-105--104) [0.95%]<=[1.99%] | <P>] PASS","0.95%","PASS","OFFLINE"
"42",115,299,1,2021-05-10,"BU080321C00077","BU080321C00077","5256_F","210510_151939_0","v1.0.2.1_20210305_",-135,-104,22.96,-104,-102,1.92,"v1.0.2.1_20210305_","_OFFLINE TEST START","Firestorm_PA(Waterproof Test)",2021-05-10 15:18:27,2021-05-10 15:19:39,1.2,"5s(-135--104) [22.96%]<=[26.00%] | <P>] PASS","22.96%","PASS","60s(-104--102) [1.92%]<=[1.99%] | <P>] PASS","1.92%","PASS","OFFLINE"
"43",116,300,1,2021-05-10,"BU080321C00079","BU080321C00079","5636_F","210510_145550_0","v1.0.2.1_20210305_",-135,-104,22.96,-104,-103,0.96,"v1.0.2.1_20210305_","_ONLINE TEST START","Firestorm_PA(Waterproof Test)",2021-05-10 14:54:37,2021-05-10 14:55:50,1.21666666666667,"5s(-135--104) [22.96%]<=[26.00%] | <P>] PASS","22.96%","PASS","60s(-104--103) [0.96%]<=[1.99%] | <P>] PASS","0.96%","PASS","ONLINE"
"44",116,300,3,2021-05-10,"BU080321C00092","BU080321C00092","5484_F","210510_144935_0","v1.0.2.1_20210305_",-135,-104,22.96,-104,-102,1.92,"v1.0.2.1_20210305_","_ONLINE TEST START","Firestorm_PA(Waterproof Test)",2021-05-10 14:48:21,2021-05-10 14:49:35,1.23333333333333,"5s(-135--104) [22.96%]<=[26.00%] | <P>] PASS","22.96%","PASS","60s(-104--102) [1.92%]<=[1.99%] | <P>] PASS","1.92%","PASS","ONLINE"
"45",115,299,1,2021-05-10,"BU080321C00099","BU080321C00099","5756_F","210510_150613_0","v1.0.2.1_20210305_",-135,-104,22.96,-104,-102,1.92,"v1.0.2.1_20210305_","_OFFLINE TEST START","Firestorm_PA(Waterproof Test)",2021-05-10 15:05:01,2021-05-10 15:06:13,1.2,"5s(-135--104) [22.96%]<=[26.00%] | <P>] PASS","22.96%","PASS","60s(-104--102) [1.92%]<=[1.99%] | <P>] PASS","1.92%","PASS","OFFLINE"
"46",115,299,1,2021-05-10,"BU080321C00127","BU080321C00127","5988_F","210510_120409_0","v1.0.2.1_20210305_",-135,-104,22.96,-104,-102,1.92,"v1.0.2.1_20210305_","_ONLINE TEST START","Firestorm_PA(Waterproof Test)",2021-05-10 12:02:56,2021-05-10 12:04:09,1.21666666666667,"5s(-135--104) [22.96%]<=[26.00%] | <P>] PASS","22.96%","PASS","60s(-104--102) [1.92%]<=[1.99%] | <P>] PASS","1.92%","PASS","ONLINE"
"47",115,299,1,2021-05-10,"BU080321C00132","BU080321C00132","4432_F","210510_103622_0","v1.0.2.1_20210305_",-135,-104,22.96,-104,-102,1.92,"v1.0.2.1_20210305_","_OFFLINE TEST START","Firestorm_PA(Waterproof Test)",2021-05-10 10:35:10,2021-05-10 10:36:22,1.2,"5s(-135--104) [22.96%]<=[26.00%] | <P>] PASS","22.96%","PASS","60s(-104--102) [1.92%]<=[1.99%] | <P>] PASS","1.92%","PASS","OFFLINE"
"48",116,300,1,2021-05-10,"BU080321C00132","BU080321C00132","5760_F","210510_110409_0","v1.0.2.1_20210305_",-136,-105,22.79,-105,-104,0.95,"v1.0.2.1_20210305_","_ONLINE TEST START","Firestorm_PA(Waterproof Test)",2021-05-10 11:02:56,2021-05-10 11:04:09,1.21666666666667,"5s(-136--105) [22.79%]<=[26.00%] | <P>] PASS","22.79%","PASS","60s(-105--104) [0.95%]<=[1.99%] | <P>] PASS","0.95%","PASS","ONLINE"
"49",116,300,1,2021-05-10,"BU080321C00157","BU080321C00157","2000_F","210510_153657_0","v1.0.2.1_20210305_",-135,-104,22.96,-104,-102,1.92,"v1.0.2.1_20210305_","_ONLINE TEST START","Firestorm_PA(Waterproof Test)",2021-05-10 15:35:44,2021-05-10 15:36:57,1.21666666666667,"5s(-135--104) [22.96%]<=[26.00%] | <P>] PASS","22.96%","PASS","60s(-104--102) [1.92%]<=[1.99%] | <P>] PASS","1.92%","PASS","ONLINE"
"50",115,299,1,2021-05-10,"BU080321C00164","BU080321C00164","5572_F","210510_113857_0","v1.0.2.1_20210305_",-135,-104,22.96,-104,-104,0,"v1.0.2.1_20210305_","_ONLINE TEST START","Firestorm_PA(Waterproof Test)",2021-05-10 11:37:44,2021-05-10 11:38:57,1.21666666666667,"5s(-135--104) [22.96%]<=[26.00%] | <P>] PASS","22.96%","PASS","60s(-104--104) [0.00%]<=[1.99%] | <P>] PASS","0.00%","PASS","ONLINE"
"51",116,300,1,2021-05-10,"BU080321C00179","BU080321C00179","3104_F","210510_113027_0","v1.0.2.1_20210305_",-135,-105,22.22,-105,-104,0.95,"v1.0.2.1_20210305_","_ONLINE TEST START","Firestorm_PA(Waterproof Test)",2021-05-10 11:29:15,2021-05-10 11:30:27,1.2,"5s(-135--105) [22.22%]<=[26.00%] | <P>] PASS","22.22%","PASS","60s(-105--104) [0.95%]<=[1.99%] | <P>] PASS","0.95%","PASS","ONLINE"
"52",127,311,1,2021-05-11,"BU080321C00023","BU080321C00023","3980_F","210511_152848_0","v1.0.2.1_20210305_",-135,-104,22.96,-104,-103,0.96,"v1.0.2.1_20210305_","_ONLINE TEST START","Firestorm_PA(Waterproof Test)",2021-05-11 15:27:35,2021-05-11 15:28:48,1.21666666666667,"5s(-135--104) [22.96%]<=[26.00%] | <P>] PASS","22.96%","PASS","60s(-104--103) [0.96%]<=[1.99%] | <P>] PASS","0.96%","PASS","ONLINE"
"53",129,313,2,2021-05-11,"BU080321C00026","BU080321C00026","1644_F","210511_134522_0","v1.0.2.1_20210305_",-135,-105,22.22,-105,-104,0.95,"v1.0.2.1_20210305_","_OFFLINE TEST START","Firestorm_PA(Waterproof Test)",2021-05-11 13:44:09,2021-05-11 13:45:22,1.21666666666667,"5s(-135--105) [22.22%]<=[26.00%] | <P>] PASS","22.22%","PASS","60s(-105--104) [0.95%]<=[1.99%] | <P>] PASS","0.95%","PASS","OFFLINE"
"54",129,313,1,2021-05-11,"BU080321C00026","BU080321C00026","5072_F","210511_134757_0","v1.0.2.1_20210305_",-135,-106,21.48,-106,-104,1.89,"v1.0.2.1_20210305_","_ONLINE TEST START","Firestorm_PA(Waterproof Test)",2021-05-11 13:46:44,2021-05-11 13:47:57,1.21666666666667,"5s(-135--106) [21.48%]<=[26.00%] | <P>] PASS","21.48%","PASS","60s(-106--104) [1.89%]<=[1.99%] | <P>] PASS","1.89%","PASS","ONLINE"
"55",128,312,1,2021-05-11,"BU080321C00030","BU080321C00030","7164_F","210511_155301_0","v1.0.2.1_20210305_",-135,-105,22.22,-105,-104,0.95,"v1.0.2.1_20210305_","_OFFLINE TEST START","Firestorm_PA(Waterproof Test)",2021-05-11 15:51:49,2021-05-11 15:53:01,1.2,"5s(-135--105) [22.22%]<=[26.00%] | <P>] PASS","22.22%","PASS","60s(-105--104) [0.95%]<=[1.99%] | <P>] PASS","0.95%","PASS","OFFLINE"
"56",128,312,1,2021-05-11,"BU080321C00031","BU080321C00031","2800_F","210511_094313_0","v1.0.2.1_20210305_",-135,-104,22.96,-104,-103,0.96,"v1.0.2.1_20210305_","_ONLINE TEST START","Firestorm_PA(Waterproof Test)",2021-05-11 09:42:00,2021-05-11 09:43:13,1.21666666666667,"5s(-135--104) [22.96%]<=[26.00%] | <P>] PASS","22.96%","PASS","60s(-104--103) [0.96%]<=[1.99%] | <P>] PASS","0.96%","PASS","ONLINE"
"57",129,313,1,2021-05-11,"BU080321C00036","BU080321C00036","4496_F","210511_163325_0","v1.0.2.1_20210305_",-135,-104,22.96,-104,-104,0,"v1.0.2.1_20210305_","_ONLINE TEST START","Firestorm_PA(Waterproof Test)",2021-05-11 16:32:12,2021-05-11 16:33:25,1.21666666666667,"5s(-135--104) [22.96%]<=[26.00%] | <P>] PASS","22.96%","PASS","60s(-104--104) [0.00%]<=[1.99%] | <P>] PASS","0.00%","PASS","ONLINE"
"58",129,313,1,2021-05-11,"BU080321C00077","BU080321C00077","4112_F","210511_112913_0","v1.0.2.1_20210305_",-135,-105,22.22,-105,-104,0.95,"v1.0.2.1_20210305_","_ONLINE TEST START","Firestorm_PA(Waterproof Test)",2021-05-11 11:28:00,2021-05-11 11:29:13,1.21666666666667,"5s(-135--105) [22.22%]<=[26.00%] | <P>] PASS","22.22%","PASS","60s(-105--104) [0.95%]<=[1.99%] | <P>] PASS","0.95%","PASS","ONLINE"
"59",128,312,1,2021-05-11,"BU080321C00080","BU080321C00080","5544_F","210511_103351_0","v1.0.2.1_20210305_",-136,-105,22.79,-105,-104,0.95,"v1.0.2.1_20210305_","_OFFLINE TEST START","Firestorm_PA(Waterproof Test)",2021-05-11 10:32:38,2021-05-11 10:33:51,1.21666666666667,"5s(-136--105) [22.79%]<=[26.00%] | <P>] PASS","22.79%","PASS","60s(-105--104) [0.95%]<=[1.99%] | <P>] PASS","0.95%","PASS","OFFLINE"
"60",127,311,1,2021-05-11,"BU080321C00080","BU080321C00080","5856_F","210511_103647_0","v1.0.2.1_20210305_",-135,-104,22.96,-104,-104,0,"v1.0.2.1_20210305_","_ONLINE TEST START","Firestorm_PA(Waterproof Test)",2021-05-11 10:35:34,2021-05-11 10:36:47,1.21666666666667,"5s(-135--104) [22.96%]<=[26.00%] | <P>] PASS","22.96%","PASS","60s(-104--104) [0.00%]<=[1.99%] | <P>] PASS","0.00%","PASS","ONLINE"
"61",129,313,1,2021-05-11,"BU080321C00082","BU080321C00082","5424_F","210511_145333_0","v1.0.2.1_20210305_",-135,-105,22.22,-105,-104,0.95,"v1.0.2.1_20210305_","_OFFLINE TEST START","Firestorm_PA(Waterproof Test)",2021-05-11 14:52:21,2021-05-11 14:53:33,1.2,"5s(-135--105) [22.22%]<=[26.00%] | <P>] PASS","22.22%","PASS","60s(-105--104) [0.95%]<=[1.99%] | <P>] PASS","0.95%","PASS","OFFLINE"
"62",130,314,1,2021-05-11,"BU080321C00082","BU080321C00082","6316_F","210511_145818_0","v1.0.2.1_20210305_",-135,-106,21.48,-106,-104,1.89,"v1.0.2.1_20210305_","_ONLINE TEST START","Firestorm_PA(Waterproof Test)",2021-05-11 14:57:05,2021-05-11 14:58:18,1.21666666666667,"5s(-135--106) [21.48%]<=[26.00%] | <P>] PASS","21.48%","PASS","60s(-106--104) [1.89%]<=[1.99%] | <P>] PASS","1.89%","PASS","ONLINE"
"63",129,313,1,2021-05-11,"BU080321C00085","BU080321C00085","1076_F","210511_150308_0","v1.0.2.1_20210305_",-135,-105,22.22,-105,-104,0.95,"v1.0.2.1_20210305_","_OFFLINE TEST START","Firestorm_PA(Waterproof Test)",2021-05-11 15:01:55,2021-05-11 15:03:08,1.21666666666667,"5s(-135--105) [22.22%]<=[26.00%] | <P>] PASS","22.22%","PASS","60s(-105--104) [0.95%]<=[1.99%] | <P>] PASS","0.95%","PASS","OFFLINE"
"64",128,312,1,2021-05-11,"BU080321C00088","BU080321C00088","5668_F","210511_105007_0","v1.0.2.1_20210305_",-135,-104,22.96,-104,-102,1.92,"v1.0.2.1_20210305_","_OFFLINE TEST START","Firestorm_PA(Waterproof Test)",2021-05-11 10:48:54,2021-05-11 10:50:07,1.21666666666667,"5s(-135--104) [22.96%]<=[26.00%] | <P>] PASS","22.96%","PASS","60s(-104--102) [1.92%]<=[1.99%] | <P>] PASS","1.92%","PASS","OFFLINE"
"65",128,312,2,2021-05-11,"BU080321C00088","BU080321C00088","1556_F","210511_113718_0","v1.0.2.1_20210305_",-135,-104,22.96,-104,-102,1.92,"v1.0.2.1_20210305_","_ONLINE TEST START","Firestorm_PA(Waterproof Test)",2021-05-11 11:36:04,2021-05-11 11:37:18,1.23333333333333,"5s(-135--104) [22.96%]<=[26.00%] | <P>] PASS","22.96%","PASS","60s(-104--102) [1.92%]<=[1.99%] | <P>] PASS","1.92%","PASS","ONLINE"
"66",129,313,1,2021-05-11,"BU080321C00097","BU080321C00097","6860_F","210511_140614_0","v1.0.2.1_20210305_",-135,-104,22.96,-104,-104,0,"v1.0.2.1_20210305_","_OFFLINE TEST START","Firestorm_PA(Waterproof Test)",2021-05-11 14:05:01,2021-05-11 14:06:14,1.21666666666667,"5s(-135--104) [22.96%]<=[26.00%] | <P>] PASS","22.96%","PASS","60s(-104--104) [0.00%]<=[1.99%] | <P>] PASS","0.00%","PASS","OFFLINE"
"67",128,312,1,2021-05-11,"BU080321C00121","BU080321C00121","1608_F","210511_111935_0","v1.0.2.1_20210305_",-135,-105,22.22,-105,-104,0.95,"v1.0.2.1_20210305_","_ONLINE TEST START","Firestorm_PA(Waterproof Test)",2021-05-11 11:18:21,2021-05-11 11:19:35,1.23333333333333,"5s(-135--105) [22.22%]<=[26.00%] | <P>] PASS","22.22%","PASS","60s(-105--104) [0.95%]<=[1.99%] | <P>] PASS","0.95%","PASS","ONLINE"
"68",129,313,1,2021-05-11,"BU080321C00123","BU080321C00123","2536_F","210511_112341_0","v1.0.2.1_20210305_",-135,-105,22.22,-105,-104,0.95,"v1.0.2.1_20210305_","_OFFLINE TEST START","Firestorm_PA(Waterproof Test)",2021-05-11 11:22:28,2021-05-11 11:23:41,1.21666666666667,"5s(-135--105) [22.22%]<=[26.00%] | <P>] PASS","22.22%","PASS","60s(-105--104) [0.95%]<=[1.99%] | <P>] PASS","0.95%","PASS","OFFLINE"
"69",130,314,2,2021-05-11,"BU080321C00123","BU080321C00123","2428_F","210511_112715_0","v1.0.2.1_20210305_",-135,-106,21.48,-106,-104,1.89,"v1.0.2.1_20210305_","_ONLINE TEST START","Firestorm_PA(Waterproof Test)",2021-05-11 11:26:01,2021-05-11 11:27:15,1.23333333333333,"5s(-135--106) [21.48%]<=[26.00%] | <P>] PASS","21.48%","PASS","60s(-106--104) [1.89%]<=[1.99%] | <P>] PASS","1.89%","PASS","ONLINE"
"70",130,314,1,2021-05-11,"BU080321C00128","BU080321C00128","4764_F","210511_154244_0","v1.0.2.1_20210305_",-136,-107,21.32,-107,-105,1.87,"v1.0.2.1_20210305_","_ONLINE TEST START","Firestorm_PA(Waterproof Test)",2021-05-11 15:41:31,2021-05-11 15:42:44,1.21666666666667,"5s(-136--107) [21.32%]<=[26.00%] | <P>] PASS","21.32%","PASS","60s(-107--105) [1.87%]<=[1.99%] | <P>] PASS","1.87%","PASS","ONLINE"
"71",128,312,1,2021-05-11,"BU080321C00132","BU080321C00132","6504_F","210511_144439_0","v1.0.2.1_20210305_",-135,-105,22.22,-105,-104,0.95,"v1.0.2.1_20210305_","_OFFLINE TEST START","Firestorm_PA(Waterproof Test)",2021-05-11 14:43:26,2021-05-11 14:44:39,1.21666666666667,"5s(-135--105) [22.22%]<=[26.00%] | <P>] PASS","22.22%","PASS","60s(-105--104) [0.95%]<=[1.99%] | <P>] PASS","0.95%","PASS","OFFLINE"
"72",128,312,1,2021-05-11,"BU080321C00146","BU080321C00146","3404_F","210511_160517_0","v1.0.2.1_20210305_",-135,-105,22.22,-105,-104,0.95,"v1.0.2.1_20210305_","_ONLINE TEST START","Firestorm_PA(Waterproof Test)",2021-05-11 16:04:04,2021-05-11 16:05:17,1.21666666666667,"5s(-135--105) [22.22%]<=[26.00%] | <P>] PASS","22.22%","PASS","60s(-105--104) [0.95%]<=[1.99%] | <P>] PASS","0.95%","PASS","ONLINE"
"73",130,314,1,2021-05-11,"BU080321C00152","BU080321C00152","5496_F","210511_143446_0","v1.0.2.1_20210305_",-136,-106,22.06,-106,-104,1.89,"v1.0.2.1_20210305_","_OFFLINE TEST START","Firestorm_PA(Waterproof Test)",2021-05-11 14:33:33,2021-05-11 14:34:46,1.21666666666667,"5s(-136--106) [22.06%]<=[26.00%] | <P>] PASS","22.06%","PASS","60s(-106--104) [1.89%]<=[1.99%] | <P>] PASS","1.89%","PASS","OFFLINE"
"74",129,313,1,2021-05-11,"BU080321C00156","BU080321C00156","2284_F","210511_160148_0","v1.0.2.1_20210305_",-135,-104,22.96,-104,-104,0,"v1.0.2.1_20210305_","_ONLINE TEST START","Firestorm_PA(Waterproof Test)",2021-05-11 16:00:35,2021-05-11 16:01:48,1.21666666666667,"5s(-135--104) [22.96%]<=[26.00%] | <P>] PASS","22.96%","PASS","60s(-104--104) [0.00%]<=[1.99%] | <P>] PASS","0.00%","PASS","ONLINE"
"75",129,313,1,2021-05-11,"BU080321C00165","BU080321C00165","4828_F","210511_151558_0","v1.0.2.1_20210305_",-135,-105,22.22,-105,-104,0.95,"v1.0.2.1_20210305_","_OFFLINE TEST START","Firestorm_PA(Waterproof Test)",2021-05-11 15:14:45,2021-05-11 15:15:58,1.21666666666667,"5s(-135--105) [22.22%]<=[26.00%] | <P>] PASS","22.22%","PASS","60s(-105--104) [0.95%]<=[1.99%] | <P>] PASS","0.95%","PASS","OFFLINE"
"76",129,313,1,2021-05-11,"BU080321C00174","BU080321C00174","4696_F","210511_132357_0","v1.0.2.1_20210305_",-135,-105,22.22,-105,-104,0.95,"v1.0.2.1_20210305_","_OFFLINE TEST START","Firestorm_PA(Waterproof Test)",2021-05-11 13:22:43,2021-05-11 13:23:57,1.23333333333333,"5s(-135--105) [22.22%]<=[26.00%] | <P>] PASS","22.22%","PASS","60s(-105--104) [0.95%]<=[1.99%] | <P>] PASS","0.95%","PASS","OFFLINE"
"77",130,314,2,2021-05-11,"BU080321C00174","BU080321C00174","4192_F","210511_132646_0","v1.0.2.1_20210305_",-135,-106,21.48,-106,-104,1.89,"v1.0.2.1_20210305_","_ONLINE TEST START","Firestorm_PA(Waterproof Test)",2021-05-11 13:25:32,2021-05-11 13:26:46,1.23333333333333,"5s(-135--106) [21.48%]<=[26.00%] | <P>] PASS","21.48%","PASS","60s(-106--104) [1.89%]<=[1.99%] | <P>] PASS","1.89%","PASS","ONLINE"
"78",129,313,1,2021-05-11,"BU080321C00189","BU080321C00189","4872_F","210511_155814_0","v1.0.2.1_20210305_",-135,-104,22.96,-104,-104,0,"v1.0.2.1_20210305_","_ONLINE TEST START","Firestorm_PA(Waterproof Test)",2021-05-11 15:57:00,2021-05-11 15:58:14,1.23333333333333,"5s(-135--104) [22.96%]<=[26.00%] | <P>] PASS","22.96%","PASS","60s(-104--104) [0.00%]<=[1.99%] | <P>] PASS","0.00%","PASS","ONLINE"
"79",130,314,1,2021-05-11,"BU080321C00194","BU080321C00194","5784_F","210511_153324_0","v1.0.2.1_20210305_",-135,-106,21.48,-106,-104,1.89,"v1.0.2.1_20210305_","_ONLINE TEST START","Firestorm_PA(Waterproof Test)",2021-05-11 15:32:11,2021-05-11 15:33:24,1.21666666666667,"5s(-135--106) [21.48%]<=[26.00%] | <P>] PASS","21.48%","PASS","60s(-106--104) [1.89%]<=[1.99%] | <P>] PASS","1.89%","PASS","ONLINE"
"80",127,311,1,2021-05-11,"BU080321C00197","BU080321C00197","5268_F","210511_152423_0","v1.0.2.1_20210305_",-135,-105,22.22,-105,-104,0.95,"v1.0.2.1_20210305_","_ONLINE TEST START","Firestorm_PA(Waterproof Test)",2021-05-11 15:23:10,2021-05-11 15:24:23,1.21666666666667,"5s(-135--105) [22.22%]<=[26.00%] | <P>] PASS","22.22%","PASS","60s(-105--104) [0.95%]<=[1.99%] | <P>] PASS","0.95%","PASS","ONLINE"
"81",128,312,1,2021-05-11,"BU080321C00202","BU080321C00202","5256_F","210511_165519_0","v1.0.2.1_20210305_",-135,-106,21.48,-106,-104,1.89,"v1.0.2.1_20210305_","_ONLINE TEST START","Firestorm_PA(Waterproof Test)",2021-05-11 16:54:06,2021-05-11 16:55:19,1.21666666666667,"5s(-135--106) [21.48%]<=[26.00%] | <P>] PASS","21.48%","PASS","60s(-106--104) [1.89%]<=[1.99%] | <P>] PASS","1.89%","PASS","ONLINE"
"82",129,313,2,2021-05-12,"BU080321C00061","BU080321C00061","5324_F","210512_140934_0","v1.0.2.1_20210305_",-135,-106,21.48,-106,-104,1.89,"v1.0.2.1_20210305_","_ONLINE TEST START","Firestorm_PA(Waterproof Test)",2021-05-12 14:08:19,2021-05-12 14:09:34,1.25,"5s(-135--106) [21.48%]<=[26.00%] | <P>] PASS","21.48%","PASS","60s(-106--104) [1.89%]<=[1.99%] | <P>] PASS","1.89%","PASS","ONLINE"
"83",129,313,1,2021-05-12,"BU080321C00068","BU080321C00068","7220_F","210512_112058_0","v1.0.2.1_20210305_",-135,-105,22.22,-105,-104,0.95,"v1.0.2.1_20210305_","_OFFLINE TEST START","Firestorm_PA(Waterproof Test)",2021-05-12 11:19:45,2021-05-12 11:20:58,1.21666666666667,"5s(-135--105) [22.22%]<=[26.00%] | <P>] PASS","22.22%","PASS","60s(-105--104) [0.95%]<=[1.99%] | <P>] PASS","0.95%","PASS","OFFLINE"
"84",130,314,1,2021-05-12,"BU080321C00115","BU080321C00115","8168_F","210512_150301_0","v1.0.2.1_20210305_",-135,-105,22.22,-105,-104,0.95,"v1.0.2.1_20210305_","_OFFLINE TEST START","Firestorm_PA(Waterproof Test)",2021-05-12 15:01:48,2021-05-12 15:03:01,1.21666666666667,"5s(-135--105) [22.22%]<=[26.00%] | <P>] PASS","22.22%","PASS","60s(-105--104) [0.95%]<=[1.99%] | <P>] PASS","0.95%","PASS","OFFLINE"
"85",129,313,1,2021-05-12,"BU080321C00115","BU080321C00115","5796_F","210512_150623_0","v1.0.2.1_20210305_",-135,-104,22.96,-104,-104,0,"v1.0.2.1_20210305_","_ONLINE TEST START","Firestorm_PA(Waterproof Test)",2021-05-12 15:05:10,2021-05-12 15:06:23,1.21666666666667,"5s(-135--104) [22.96%]<=[26.00%] | <P>] PASS","22.96%","PASS","60s(-104--104) [0.00%]<=[1.99%] | <P>] PASS","0.00%","PASS","ONLINE"
"86",131,315,2,2021-05-12,"BU080321C00116","BU080321C00116","8012_F","210512_154704_0","v1.0.2.1_20210305_",-136,-107,21.32,-107,-105,1.87,"v1.0.2.1_20210305_","_OFFLINE TEST START","Firestorm_PA(Waterproof Test)",2021-05-12 15:45:50,2021-05-12 15:47:04,1.23333333333333,"5s(-136--107) [21.32%]<=[26.00%] | <P>] PASS","21.32%","PASS","60s(-107--105) [1.87%]<=[1.99%] | <P>] PASS","1.87%","PASS","OFFLINE"
"87",129,313,1,2021-05-12,"BU080321C00116","BU080321C00116","4896_F","210512_154850_0","v1.0.2.1_20210305_",-135,-105,22.22,-105,-104,0.95,"v1.0.2.1_20210305_","_ONLINE TEST START","Firestorm_PA(Waterproof Test)",2021-05-12 15:47:36,2021-05-12 15:48:50,1.23333333333333,"5s(-135--105) [22.22%]<=[26.00%] | <P>] PASS","22.22%","PASS","60s(-105--104) [0.95%]<=[1.99%] | <P>] PASS","0.95%","PASS","ONLINE"
"88",129,313,2,2021-05-12,"BU080321C00124","BU080321C00124","2556_F","210512_105923_0","v1.0.2.1_20210305_",-135,-105,22.22,-105,-104,0.95,"v1.0.2.1_20210305_","_OFFLINE TEST START","Firestorm_PA(Waterproof Test)",2021-05-12 10:58:09,2021-05-12 10:59:23,1.23333333333333,"5s(-135--105) [22.22%]<=[26.00%] | <P>] PASS","22.22%","PASS","60s(-105--104) [0.95%]<=[1.99%] | <P>] PASS","0.95%","PASS","OFFLINE"
"89",126,310,1,2021-05-12,"BU080321C00124","BU080321C00124","5616_F","210512_110602_0","v1.0.2.1_20210305_",-135,-105,22.22,-105,-104,0.95,"v1.0.2.1_20210305_","_ONLINE TEST START","Firestorm_PA(Waterproof Test)",2021-05-12 11:04:49,2021-05-12 11:06:02,1.21666666666667,"5s(-135--105) [22.22%]<=[26.00%] | <P>] PASS","22.22%","PASS","60s(-105--104) [0.95%]<=[1.99%] | <P>] PASS","0.95%","PASS","ONLINE"
"90",128,312,1,2021-05-12,"BU080321C00142","BU080321C00142","5892_F","210512_140522_0","v1.0.2.1_20210305_",-135,-105,22.22,-105,-103,1.9,"v1.0.2.1_20210305_","_OFFLINE TEST START","Firestorm_PA(Waterproof Test)",2021-05-12 14:04:09,2021-05-12 14:05:22,1.21666666666667,"5s(-135--105) [22.22%]<=[26.00%] | <P>] PASS","22.22%","PASS","60s(-105--103) [1.90%]<=[1.99%] | <P>] PASS","1.90%","PASS","OFFLINE"
"91",128,312,1,2021-05-12,"BU080321C00142","BU080321C00142","7148_F","210512_140705_0","v1.0.2.1_20210305_",-135,-106,21.48,-106,-104,1.89,"v1.0.2.1_20210305_","_ONLINE TEST START","Firestorm_PA(Waterproof Test)",2021-05-12 14:05:50,2021-05-12 14:07:05,1.25,"5s(-135--106) [21.48%]<=[26.00%] | <P>] PASS","21.48%","PASS","60s(-106--104) [1.89%]<=[1.99%] | <P>] PASS","1.89%","PASS","ONLINE"
"92",128,312,1,2021-05-12,"BU080321C00148","BU080321C00148","4064_F","210512_101748_0","v1.0.2.1_20210305_",-135,-105,22.22,-105,-104,0.95,"v1.0.2.1_20210305_","_ONLINE TEST START","Firestorm_PA(Waterproof Test)",2021-05-12 10:16:35,2021-05-12 10:17:48,1.21666666666667,"5s(-135--105) [22.22%]<=[26.00%] | <P>] PASS","22.22%","PASS","60s(-105--104) [0.95%]<=[1.99%] | <P>] PASS","0.95%","PASS","ONLINE"
"93",129,313,1,2021-05-12,"BU080321C00152","BU080321C00152","7520_F","210512_142848_0","v1.0.2.1_20210305_",-135,-105,22.22,-105,-103,1.9,"v1.0.2.1_20210305_","_ONLINE TEST START","Firestorm_PA(Waterproof Test)",2021-05-12 14:27:35,2021-05-12 14:28:48,1.21666666666667,"5s(-135--105) [22.22%]<=[26.00%] | <P>] PASS","22.22%","PASS","60s(-105--103) [1.90%]<=[1.99%] | <P>] PASS","1.90%","PASS","ONLINE"
"94",131,315,2,2021-05-13,"BU080321C00016","BU080321C00016","5392_F","210513_114717_0","v1.0.2.1_20210305_",-135,-106,21.48,-106,-104,1.89,"v1.0.2.1_20210305_","_OFFLINE TEST START","Firestorm_PA(Waterproof Test)",2021-05-13 11:46:03,2021-05-13 11:47:17,1.23333333333333,"5s(-135--106) [21.48%]<=[26.00%] | <P>] PASS","21.48%","PASS","60s(-106--104) [1.89%]<=[1.99%] | <P>] PASS","1.89%","PASS","OFFLINE"
"95",128,312,2,2021-05-13,"BU080321C00016","BU080321C00016","6444_F","210513_115313_0","v1.0.2.1_20210305_",-135,-105,22.22,-105,-104,0.95,"v1.0.2.1_20210305_","_ONLINE TEST START","Firestorm_PA(Waterproof Test)",2021-05-13 11:51:59,2021-05-13 11:53:13,1.23333333333333,"5s(-135--105) [22.22%]<=[26.00%] | <P>] PASS","22.22%","PASS","60s(-105--104) [0.95%]<=[1.99%] | <P>] PASS","0.95%","PASS","ONLINE"
"96",129,313,1,2021-05-13,"BU080321C00030","BU080321C00030","6108_F","210513_114154_0","v1.0.2.1_20210305_",-135,-106,21.48,-106,-104,1.89,"v1.0.2.1_20210305_","_OFFLINE TEST START","Firestorm_PA(Waterproof Test)",2021-05-13 11:40:42,2021-05-13 11:41:54,1.2,"5s(-135--106) [21.48%]<=[26.00%] | <P>] PASS","21.48%","PASS","60s(-106--104) [1.89%]<=[1.99%] | <P>] PASS","1.89%","PASS","OFFLINE"
"97",128,312,1,2021-05-13,"BU080321C00030","BU080321C00030","7616_F","210513_114426_0","v1.0.2.1_20210305_",-135,-105,22.22,-105,-104,0.95,"v1.0.2.1_20210305_","_ONLINE TEST START","Firestorm_PA(Waterproof Test)",2021-05-13 11:43:12,2021-05-13 11:44:26,1.23333333333333,"5s(-135--105) [22.22%]<=[26.00%] | <P>] PASS","22.22%","PASS","60s(-105--104) [0.95%]<=[1.99%] | <P>] PASS","0.95%","PASS","ONLINE"
"98",130,314,2,2021-05-13,"BU080321C00032","BU080321C00032","3136_F","210513_121446_0","v1.0.2.1_20210305_",-136,-106,22.06,-106,-105,0.94,"v1.0.2.1_20210305_","_OFFLINE TEST START","Firestorm_PA(Waterproof Test)",2021-05-13 12:13:32,2021-05-13 12:14:46,1.23333333333333,"5s(-136--106) [22.06%]<=[26.00%] | <P>] PASS","22.06%","PASS","60s(-106--105) [0.94%]<=[1.99%] | <P>] PASS","0.94%","PASS","OFFLINE"
"99",128,312,1,2021-05-13,"BU080321C00032","BU080321C00032","6368_F","210513_131033_0","v1.0.2.1_20210305_",-135,-105,22.22,-105,-104,0.95,"v1.0.2.1_20210305_","_ONLINE TEST START","Firestorm_PA(Waterproof Test)",2021-05-13 13:09:20,2021-05-13 13:10:33,1.21666666666667,"5s(-135--105) [22.22%]<=[26.00%] | <P>] PASS","22.22%","PASS","60s(-105--104) [0.95%]<=[1.99%] | <P>] PASS","0.95%","PASS","ONLINE"
"100",128,312,1,2021-05-13,"BU080321C00052","BU080321C00052","4760_F","210513_135043_0","v1.0.2.1_20210305_",-135,-105,22.22,-105,-103,1.9,"v1.0.2.1_20210305_","_ONLINE TEST START","Firestorm_PA(Waterproof Test)",2021-05-13 13:49:30,2021-05-13 13:50:43,1.21666666666667,"5s(-135--105) [22.22%]<=[26.00%] | <P>] PASS","22.22%","PASS","60s(-105--103) [1.90%]<=[1.99%] | <P>] PASS","1.90%","PASS","ONLINE"
"101",129,313,1,2021-05-13,"BU080321C00085","BU080321C00085","8132_F","210513_104042_0","v1.0.2.1_20210305_",-136,-107,21.32,-107,-105,1.87,"v1.0.2.1_20210305_","_OFFLINE TEST START","Firestorm_PA(Waterproof Test)",2021-05-13 10:39:29,2021-05-13 10:40:42,1.21666666666667,"5s(-136--107) [21.32%]<=[26.00%] | <P>] PASS","21.32%","PASS","60s(-107--105) [1.87%]<=[1.99%] | <P>] PASS","1.87%","PASS","OFFLINE"
"102",127,311,1,2021-05-13,"BU080321C00085","BU080321C00085","3912_F","210513_104331_0","v1.0.2.1_20210305_",-135,-104,22.96,-104,-104,0,"v1.0.2.1_20210305_","_ONLINE TEST START","Firestorm_PA(Waterproof Test)",2021-05-13 10:42:18,2021-05-13 10:43:31,1.21666666666667,"5s(-135--104) [22.96%]<=[26.00%] | <P>] PASS","22.96%","PASS","60s(-104--104) [0.00%]<=[1.99%] | <P>] PASS","0.00%","PASS","ONLINE"
"103",130,314,1,2021-05-13,"BU080321C00089","BU080321C00089","2924_F","210513_161649_0","v1.0.2.1_20210305_",-135,-106,21.48,-106,-104,1.89,"v1.0.2.1_20210305_","_ONLINE TEST START","Firestorm_PA(Waterproof Test)",2021-05-13 16:15:36,2021-05-13 16:16:49,1.21666666666667,"5s(-135--106) [21.48%]<=[26.00%] | <P>] PASS","21.48%","PASS","60s(-106--104) [1.89%]<=[1.99%] | <P>] PASS","1.89%","PASS","ONLINE"
"104",128,312,1,2021-05-13,"BU080321C00097","BU080321C00097","5784_F","210513_163231_0","v1.0.2.1_20210305_",-135,-105,22.22,-105,-104,0.95,"v1.0.2.1_20210305_","_OFFLINE TEST START","Firestorm_PA(Waterproof Test)",2021-05-13 16:31:19,2021-05-13 16:32:31,1.2,"5s(-135--105) [22.22%]<=[26.00%] | <P>] PASS","22.22%","PASS","60s(-105--104) [0.95%]<=[1.99%] | <P>] PASS","0.95%","PASS","OFFLINE"
"105",129,313,1,2021-05-13,"BU080321C00097","BU080321C00097","7252_F","210513_163405_0","v1.0.2.1_20210305_",-135,-107,20.74,-107,-105,1.87,"v1.0.2.1_20210305_","_ONLINE TEST START","Firestorm_PA(Waterproof Test)",2021-05-13 16:32:52,2021-05-13 16:34:05,1.21666666666667,"5s(-135--107) [20.74%]<=[26.00%] | <P>] PASS","20.74%","PASS","60s(-107--105) [1.87%]<=[1.99%] | <P>] PASS","1.87%","PASS","ONLINE"
"106",133,317,1,2021-05-13,"BU080321C00099","BU080321C00099","6796_F","210513_141617_0","v1.0.2.1_20210305_",-135,-105,22.22,-105,-104,0.95,"v1.0.2.1_20210305_","_OFFLINE TEST START","Firestorm_PA(Waterproof Test)",2021-05-13 14:15:04,2021-05-13 14:16:17,1.21666666666667,"5s(-135--105) [22.22%]<=[26.00%] | <P>] PASS","22.22%","PASS","60s(-105--104) [0.95%]<=[1.99%] | <P>] PASS","0.95%","PASS","OFFLINE"
"107",130,314,1,2021-05-13,"BU080321C00102","BU080321C00102","7564_F","210513_133906_0","v1.0.2.1_20210305_",-135,-106,21.48,-106,-104,1.89,"v1.0.2.1_20210305_","_OFFLINE TEST START","Firestorm_PA(Waterproof Test)",2021-05-13 13:37:54,2021-05-13 13:39:06,1.2,"5s(-135--106) [21.48%]<=[26.00%] | <P>] PASS","21.48%","PASS","60s(-106--104) [1.89%]<=[1.99%] | <P>] PASS","1.89%","PASS","OFFLINE"
"108",129,313,1,2021-05-13,"BU080321C00102","BU080321C00102","7584_F","210513_134035_0","v1.0.2.1_20210305_",-135,-107,20.74,-107,-105,1.87,"v1.0.2.1_20210305_","_ONLINE TEST START","Firestorm_PA(Waterproof Test)",2021-05-13 13:39:21,2021-05-13 13:40:35,1.23333333333333,"5s(-135--107) [20.74%]<=[26.00%] | <P>] PASS","20.74%","PASS","60s(-107--105) [1.87%]<=[1.99%] | <P>] PASS","1.87%","PASS","ONLINE"
"109",128,312,1,2021-05-13,"BU080321C00103","BU080321C00103","7640_F","210513_102931_0","v1.0.2.1_20210305_",-135,-104,22.96,-104,-102,1.92,"v1.0.2.1_20210305_","_ONLINE TEST START","Firestorm_PA(Waterproof Test)",2021-05-13 10:28:18,2021-05-13 10:29:31,1.21666666666667,"5s(-135--104) [22.96%]<=[26.00%] | <P>] PASS","22.96%","PASS","60s(-104--102) [1.92%]<=[1.99%] | <P>] PASS","1.92%","PASS","ONLINE"
"110",129,313,1,2021-05-13,"BU080321C00136","BU080321C00136","5332_F","210513_075131_0","v1.0.2.1_20210305_",-135,-105,22.22,-105,-104,0.95,"v1.0.2.1_20210305_","_ONLINE TEST START","Firestorm_PA(Waterproof Test)",2021-05-13 07:49:56,2021-05-13 07:51:31,1.58333333333333,"5s(-135--105) [22.22%]<=[26.00%] | <P>] PASS","22.22%","PASS","60s(-105--104) [0.95%]<=[1.99%] | <P>] PASS","0.95%","PASS","ONLINE"
"111",130,314,1,2021-05-13,"BU080321C00136","BU080321C00136","4616_F","210513_105819_0","v1.0.2.1_20210305_",-135,-105,22.22,-105,-104,0.95,"v1.0.2.1_20210305_","_OFFLINE TEST START","Firestorm_PA(Waterproof Test)",2021-05-13 10:57:06,2021-05-13 10:58:19,1.21666666666667,"5s(-135--105) [22.22%]<=[26.00%] | <P>] PASS","22.22%","PASS","60s(-105--104) [0.95%]<=[1.99%] | <P>] PASS","0.95%","PASS","OFFLINE"
"112",129,313,1,2021-05-13,"BU080321C00151","BU080321C00151","1396_F","210513_093343_0","v1.0.2.1_20210305_",-136,-106,22.06,-106,-105,0.94,"v1.0.2.1_20210305_","_OFFLINE TEST START","Firestorm_PA(Waterproof Test)",2021-05-13 09:32:30,2021-05-13 09:33:43,1.21666666666667,"5s(-136--106) [22.06%]<=[26.00%] | <P>] PASS","22.06%","PASS","60s(-106--105) [0.94%]<=[1.99%] | <P>] PASS","0.94%","PASS","OFFLINE"
"113",128,312,1,2021-05-13,"BU080321C00151","BU080321C00151","7208_F","210513_102009_0","v1.0.2.1_20210305_",-135,-104,22.96,-104,-104,0,"v1.0.2.1_20210305_","_ONLINE TEST START","Firestorm_PA(Waterproof Test)",2021-05-13 10:18:56,2021-05-13 10:20:09,1.21666666666667,"5s(-135--104) [22.96%]<=[26.00%] | <P>] PASS","22.96%","PASS","60s(-104--104) [0.00%]<=[1.99%] | <P>] PASS","0.00%","PASS","ONLINE"
"114",130,314,2,2021-05-13,"BU080321C00152","BU080321C00152","7424_F","210513_111340_0","v1.0.2.1_20210305_",-135,-106,21.48,-106,-104,1.89,"v1.0.2.1_20210305_","_OFFLINE TEST START","Firestorm_PA(Waterproof Test)",2021-05-13 11:12:26,2021-05-13 11:13:40,1.23333333333333,"5s(-135--106) [21.48%]<=[26.00%] | <P>] PASS","21.48%","PASS","60s(-106--104) [1.89%]<=[1.99%] | <P>] PASS","1.89%","PASS","OFFLINE"
"115",128,312,1,2021-05-13,"BU080321C00153","BU080321C00153","5040_F","210513_111539_0","v1.0.2.1_20210305_",-135,-105,22.22,-105,-103,1.9,"v1.0.2.1_20210305_","_OFFLINE TEST START","Firestorm_PA(Waterproof Test)",2021-05-13 11:14:26,2021-05-13 11:15:39,1.21666666666667,"5s(-135--105) [22.22%]<=[26.00%] | <P>] PASS","22.22%","PASS","60s(-105--103) [1.90%]<=[1.99%] | <P>] PASS","1.90%","PASS","OFFLINE"
"116",127,311,1,2021-05-13,"BU080321C00153","BU080321C00153","6500_F","210513_111815_0","v1.0.2.1_20210305_",-135,-105,22.22,-105,-103,1.9,"v1.0.2.1_20210305_","_ONLINE TEST START","Firestorm_PA(Waterproof Test)",2021-05-13 11:17:02,2021-05-13 11:18:15,1.21666666666667,"5s(-135--105) [22.22%]<=[26.00%] | <P>] PASS","22.22%","PASS","60s(-105--103) [1.90%]<=[1.99%] | <P>] PASS","1.90%","PASS","ONLINE"
"117",131,315,2,2021-05-13,"BU080321C00154","BU080321C00154","6600_F","210513_144557_0","v1.0.2.1_20210305_",-135,-106,21.48,-106,-104,1.89,"v1.0.2.1_20210305_","_OFFLINE TEST START","Firestorm_PA(Waterproof Test)",2021-05-13 14:44:43,2021-05-13 14:45:57,1.23333333333333,"5s(-135--106) [21.48%]<=[26.00%] | <P>] PASS","21.48%","PASS","60s(-106--104) [1.89%]<=[1.99%] | <P>] PASS","1.89%","PASS","OFFLINE"
"118",129,313,1,2021-05-13,"BU080321C00154","BU080321C00154","6692_F","210513_144815_0","v1.0.2.1_20210305_",-135,-105,22.22,-105,-105,0,"v1.0.2.1_20210305_","_ONLINE TEST START","Firestorm_PA(Waterproof Test)",2021-05-13 14:47:02,2021-05-13 14:48:15,1.21666666666667,"5s(-135--105) [22.22%]<=[26.00%] | <P>] PASS","22.22%","PASS","60s(-105--105) [0.00%]<=[1.99%] | <P>] PASS","0.00%","PASS","ONLINE"
"119",129,313,1,2021-05-13,"BU080321C00155","BU080321C00155","5948_F","210513_142116_0","v1.0.2.1_20210305_",-135,-105,22.22,-105,-104,0.95,"v1.0.2.1_20210305_","_OFFLINE TEST START","Firestorm_PA(Waterproof Test)",2021-05-13 14:20:03,2021-05-13 14:21:16,1.21666666666667,"5s(-135--105) [22.22%]<=[26.00%] | <P>] PASS","22.22%","PASS","60s(-105--104) [0.95%]<=[1.99%] | <P>] PASS","0.95%","PASS","OFFLINE"
"120",128,312,1,2021-05-13,"BU080321C00155","BU080321C00155","7536_F","210513_142245_0","v1.0.2.1_20210305_",-135,-105,22.22,-105,-103,1.9,"v1.0.2.1_20210305_","_ONLINE TEST START","Firestorm_PA(Waterproof Test)",2021-05-13 14:21:31,2021-05-13 14:22:45,1.23333333333333,"5s(-135--105) [22.22%]<=[26.00%] | <P>] PASS","22.22%","PASS","60s(-105--103) [1.90%]<=[1.99%] | <P>] PASS","1.90%","PASS","ONLINE"
"121",129,313,2,2021-05-13,"BU080321C00162","BU080321C00162","7768_F","210513_142907_0","v1.0.2.1_20210305_",-135,-105,22.22,-105,-104,0.95,"v1.0.2.1_20210305_","_ONLINE TEST START","Firestorm_PA(Waterproof Test)",2021-05-13 14:27:53,2021-05-13 14:29:07,1.23333333333333,"5s(-135--105) [22.22%]<=[26.00%] | <P>] PASS","22.22%","PASS","60s(-105--104) [0.95%]<=[1.99%] | <P>] PASS","0.95%","PASS","ONLINE"
"122",128,312,1,2021-05-13,"BU080321C00165","BU080321C00165","7464_F","210513_162208_0","v1.0.2.1_20210305_",-135,-105,22.22,-105,-104,0.95,"v1.0.2.1_20210305_","_ONLINE TEST START","Firestorm_PA(Waterproof Test)",2021-05-13 16:20:55,2021-05-13 16:22:08,1.21666666666667,"5s(-135--105) [22.22%]<=[26.00%] | <P>] PASS","22.22%","PASS","60s(-105--104) [0.95%]<=[1.99%] | <P>] PASS","0.95%","PASS","ONLINE"
"123",129,313,1,2021-05-13,"BU080321C00167","BU080321C00167","4172_F","210513_153708_0","v1.0.2.1_20210305_",-135,-106,21.48,-106,-104,1.89,"v1.0.2.1_20210305_","_OFFLINE TEST START","Firestorm_PA(Waterproof Test)",2021-05-13 15:35:55,2021-05-13 15:37:08,1.21666666666667,"5s(-135--106) [21.48%]<=[26.00%] | <P>] PASS","21.48%","PASS","60s(-106--104) [1.89%]<=[1.99%] | <P>] PASS","1.89%","PASS","OFFLINE"
"124",128,312,1,2021-05-13,"BU080321C00167","BU080321C00167","7252_F","210513_154037_0","v1.0.2.1_20210305_",-135,-106,21.48,-106,-104,1.89,"v1.0.2.1_20210305_","_ONLINE TEST START","Firestorm_PA(Waterproof Test)",2021-05-13 15:39:24,2021-05-13 15:40:37,1.21666666666667,"5s(-135--106) [21.48%]<=[26.00%] | <P>] PASS","21.48%","PASS","60s(-106--104) [1.89%]<=[1.99%] | <P>] PASS","1.89%","PASS","ONLINE"
"125",129,313,1,2021-05-13,"BU080321C00176","BU080321C00176","5688_F","210513_093157_0","v1.0.2.1_20210305_",-136,-106,22.06,-106,-104,1.89,"v1.0.2.1_20210305_","_OFFLINE TEST START","Firestorm_PA(Waterproof Test)",2021-05-13 09:30:44,2021-05-13 09:31:57,1.21666666666667,"5s(-136--106) [22.06%]<=[26.00%] | <P>] PASS","22.06%","PASS","60s(-106--104) [1.89%]<=[1.99%] | <P>] PASS","1.89%","PASS","OFFLINE"
"126",129,313,1,2021-05-14,"BU080321C00022","BU080321C00022","4068_F","210514_105820_0","v1.0.2.1_20210305_",-135,-105,22.22,-105,-104,0.95,"v1.0.2.1_20210305_","_ONLINE TEST START","Firestorm_PA(Waterproof Test)",2021-05-14 10:57:07,2021-05-14 10:58:20,1.21666666666667,"5s(-135--105) [22.22%]<=[26.00%] | <P>] PASS","22.22%","PASS","60s(-105--104) [0.95%]<=[1.99%] | <P>] PASS","0.95%","PASS","ONLINE"
"127",128,312,1,2021-05-14,"BU080321C00035","BU080321C00035","3032_F","210514_101859_0","v1.0.2.1_20210305_",-135,-106,21.48,-106,-104,1.89,"v1.0.2.1_20210305_","_OFFLINE TEST START","Firestorm_PA(Waterproof Test)",2021-05-14 10:17:46,2021-05-14 10:18:59,1.21666666666667,"5s(-135--106) [21.48%]<=[26.00%] | <P>] PASS","21.48%","PASS","60s(-106--104) [1.89%]<=[1.99%] | <P>] PASS","1.89%","PASS","OFFLINE"
"128",128,312,1,2021-05-14,"BU080321C00035","BU080321C00035","5248_F","210514_102213_0","v1.0.2.1_20210305_",-135,-106,21.48,-106,-105,0.94,"v1.0.2.1_20210305_","_ONLINE TEST START","Firestorm_PA(Waterproof Test)",2021-05-14 10:21:00,2021-05-14 10:22:13,1.21666666666667,"5s(-135--106) [21.48%]<=[26.00%] | <P>] PASS","21.48%","PASS","60s(-106--105) [0.94%]<=[1.99%] | <P>] PASS","0.94%","PASS","ONLINE"
"129",128,312,1,2021-05-14,"BU080321C00058","BU080321C00058","4504_F","210514_110214_0","v1.0.2.1_20210305_",-135,-105,22.22,-105,-105,0,"v1.0.2.1_20210305_","_ONLINE TEST START","Firestorm_PA(Waterproof Test)",2021-05-14 11:01:00,2021-05-14 11:02:14,1.23333333333333,"5s(-135--105) [22.22%]<=[26.00%] | <P>] PASS","22.22%","PASS","60s(-105--105) [0.00%]<=[1.99%] | <P>] PASS","0.00%","PASS","ONLINE"
"130",127,311,1,2021-05-14,"BU080321C00066","BU080321C00066","2020_F","210514_142347_0","v1.0.2.1_20210305_",-135,-104,22.96,-104,-103,0.96,"v1.0.2.1_20210305_","_ONLINE TEST START","Firestorm_PA(Waterproof Test)",2021-05-14 14:22:34,2021-05-14 14:23:47,1.21666666666667,"5s(-135--104) [22.96%]<=[26.00%] | <P>] PASS","22.96%","PASS","60s(-104--103) [0.96%]<=[1.99%] | <P>] PASS","0.96%","PASS","ONLINE"
"131",130,314,1,2021-05-14,"BU080321C00067","BU080321C00067","4944_F","210514_153423_0","v1.0.2.1_20210305_",-136,-106,22.06,-106,-105,0.94,"v1.0.2.1_20210305_","_ONLINE TEST START","Firestorm_PA(Waterproof Test)",2021-05-14 15:33:09,2021-05-14 15:34:23,1.23333333333333,"5s(-136--106) [22.06%]<=[26.00%] | <P>] PASS","22.06%","PASS","60s(-106--105) [0.94%]<=[1.99%] | <P>] PASS","0.94%","PASS","ONLINE"
"132",126,310,1,2021-05-14,"BU080321C00099","BU080321C00099","5464_F","210514_095009_0","v1.0.2.1_20210305_",-135,-104,22.96,-104,-102,1.92,"v1.0.2.1_20210305_","_OFFLINE TEST START","Firestorm_PA(Waterproof Test)",2021-05-14 09:48:56,2021-05-14 09:50:09,1.21666666666667,"5s(-135--104) [22.96%]<=[26.00%] | <P>] PASS","22.96%","PASS","60s(-104--102) [1.92%]<=[1.99%] | <P>] PASS","1.92%","PASS","OFFLINE"
"133",128,312,1,2021-05-14,"BU080321C00099","BU080321C00099","5424_F","210514_095220_0","v1.0.2.1_20210305_",-135,-106,21.48,-106,-104,1.89,"v1.0.2.1_20210305_","_OFFLINE TEST START","Firestorm_PA(Waterproof Test)",2021-05-14 09:51:08,2021-05-14 09:52:20,1.2,"5s(-135--106) [21.48%]<=[26.00%] | <P>] PASS","21.48%","PASS","60s(-106--104) [1.89%]<=[1.99%] | <P>] PASS","1.89%","PASS","OFFLINE"
"134",127,311,1,2021-05-14,"BU080321C00125","BU080321C00125","5284_F","210514_102810_0","v1.0.2.1_20210305_",-135,-104,22.96,-104,-104,0,"v1.0.2.1_20210305_","_ONLINE TEST START","Firestorm_PA(Waterproof Test)",2021-05-14 10:26:56,2021-05-14 10:28:10,1.23333333333333,"5s(-135--104) [22.96%]<=[26.00%] | <P>] PASS","22.96%","PASS","60s(-104--104) [0.00%]<=[1.99%] | <P>] PASS","0.00%","PASS","ONLINE"
"135",128,312,1,2021-05-14,"BU080321C00130","BU080321C00130","3144_F","210514_102531_0","v1.0.2.1_20210305_",-135,-106,21.48,-106,-104,1.89,"v1.0.2.1_20210305_","_ONLINE TEST START","Firestorm_PA(Waterproof Test)",2021-05-14 10:24:17,2021-05-14 10:25:31,1.23333333333333,"5s(-135--106) [21.48%]<=[26.00%] | <P>] PASS","21.48%","PASS","60s(-106--104) [1.89%]<=[1.99%] | <P>] PASS","1.89%","PASS","ONLINE"
"136",129,313,1,2021-05-14,"BU080321C00135","BU080321C00135","6132_F","210514_144959_0","v1.0.2.1_20210305_",-135,-105,22.22,-105,-104,0.95,"v1.0.2.1_20210305_","_OFFLINE TEST START","Firestorm_PA(Waterproof Test)",2021-05-14 14:48:46,2021-05-14 14:49:59,1.21666666666667,"5s(-135--105) [22.22%]<=[26.00%] | <P>] PASS","22.22%","PASS","60s(-105--104) [0.95%]<=[1.99%] | <P>] PASS","0.95%","PASS","OFFLINE"
"137",129,313,2,2021-05-14,"BU080321C00135","BU080321C00135","4500_F","210514_145150_0","v1.0.2.1_20210305_",-135,-105,22.22,-105,-104,0.95,"v1.0.2.1_20210305_","_ONLINE TEST START","Firestorm_PA(Waterproof Test)",2021-05-14 14:50:35,2021-05-14 14:51:50,1.25,"5s(-135--105) [22.22%]<=[26.00%] | <P>] PASS","22.22%","PASS","60s(-105--104) [0.95%]<=[1.99%] | <P>] PASS","0.95%","PASS","ONLINE"
"138",127,311,1,2021-05-14,"BU080321C00138","BU080321C00138","4636_F","210514_142022_0","v1.0.2.1_20210305_",-135,-104,22.96,-104,-104,0,"v1.0.2.1_20210305_","_OFFLINE TEST START","Firestorm_PA(Waterproof Test)",2021-05-14 14:19:09,2021-05-14 14:20:22,1.21666666666667,"5s(-135--104) [22.96%]<=[26.00%] | <P>] PASS","22.96%","PASS","60s(-104--104) [0.00%]<=[1.99%] | <P>] PASS","0.00%","PASS","OFFLINE"
"139",127,311,1,2021-05-14,"BU080321C00138","BU080321C00138","4572_F","210514_142210_0","v1.0.2.1_20210305_",-136,-105,22.79,-105,-104,0.95,"v1.0.2.1_20210305_","_ONLINE TEST START","Firestorm_PA(Waterproof Test)",2021-05-14 14:20:57,2021-05-14 14:22:10,1.21666666666667,"5s(-136--105) [22.79%]<=[26.00%] | <P>] PASS","22.79%","PASS","60s(-105--104) [0.95%]<=[1.99%] | <P>] PASS","0.95%","PASS","ONLINE"
"140",129,313,1,2021-05-14,"BU080321C00150","BU080321C00150","6104_F","210514_151302_0","v1.0.2.1_20210305_",-135,-104,22.96,-104,-103,0.96,"v1.0.2.1_20210305_","_ONLINE TEST START","Firestorm_PA(Waterproof Test)",2021-05-14 15:11:49,2021-05-14 15:13:02,1.21666666666667,"5s(-135--104) [22.96%]<=[26.00%] | <P>] PASS","22.96%","PASS","60s(-104--103) [0.96%]<=[1.99%] | <P>] PASS","0.96%","PASS","ONLINE"
"141",127,311,1,2021-05-14,"BU080321C00161","BU080321C00161","4264_F","210514_134919_0","v1.0.2.1_20210305_",-135,-104,22.96,-104,-103,0.96,"v1.0.2.1_20210305_","_OFFLINE TEST START","Firestorm_PA(Waterproof Test)",2021-05-14 13:48:06,2021-05-14 13:49:19,1.21666666666667,"5s(-135--104) [22.96%]<=[26.00%] | <P>] PASS","22.96%","PASS","60s(-104--103) [0.96%]<=[1.99%] | <P>] PASS","0.96%","PASS","OFFLINE"
"142",128,312,1,2021-05-14,"BU080321C00161","BU080321C00161","4564_F","210514_135049_0","v1.0.2.1_20210305_",-135,-106,21.48,-106,-105,0.94,"v1.0.2.1_20210305_","_ONLINE TEST START","Firestorm_PA(Waterproof Test)",2021-05-14 13:49:36,2021-05-14 13:50:49,1.21666666666667,"5s(-135--106) [21.48%]<=[26.00%] | <P>] PASS","21.48%","PASS","60s(-106--105) [0.94%]<=[1.99%] | <P>] PASS","0.94%","PASS","ONLINE"
"143",128,312,1,2021-05-14,"BU080321C00163","BU080321C00163","4776_F","210514_134028_0","v1.0.2.1_20210305_",-135,-105,22.22,-105,-104,0.95,"v1.0.2.1_20210305_","_OFFLINE TEST START","Firestorm_PA(Waterproof Test)",2021-05-14 13:39:15,2021-05-14 13:40:28,1.21666666666667,"5s(-135--105) [22.22%]<=[26.00%] | <P>] PASS","22.22%","PASS","60s(-105--104) [0.95%]<=[1.99%] | <P>] PASS","0.95%","PASS","OFFLINE"
"144",128,312,1,2021-05-14,"BU080321C00163","BU080321C00163","4104_F","210514_134202_0","v1.0.2.1_20210305_",-135,-106,21.48,-106,-105,0.94,"v1.0.2.1_20210305_","_ONLINE TEST START","Firestorm_PA(Waterproof Test)",2021-05-14 13:40:49,2021-05-14 13:42:02,1.21666666666667,"5s(-135--106) [21.48%]<=[26.00%] | <P>] PASS","21.48%","PASS","60s(-106--105) [0.94%]<=[1.99%] | <P>] PASS","0.94%","PASS","ONLINE"
"145",129,313,1,2021-05-14,"BU080321C00165","BU080321C00165","5592_F","210514_113135_0","v1.0.2.1_20210305_",-136,-107,21.32,-107,-105,1.87,"v1.0.2.1_20210305_","_OFFLINE TEST START","Firestorm_PA(Waterproof Test)",2021-05-14 11:30:22,2021-05-14 11:31:35,1.21666666666667,"5s(-136--107) [21.32%]<=[26.00%] | <P>] PASS","21.32%","PASS","60s(-107--105) [1.87%]<=[1.99%] | <P>] PASS","1.87%","PASS","OFFLINE"
"146",130,314,2,2021-05-14,"BU080321C00176","BU080321C00176","4608_F","210514_105102_0","v1.0.2.1_20210305_",-135,-105,22.22,-105,-104,0.95,"v1.0.2.1_20210305_","_ONLINE TEST START","Firestorm_PA(Waterproof Test)",2021-05-14 10:49:47,2021-05-14 10:51:02,1.25,"5s(-135--105) [22.22%]<=[26.00%] | <P>] PASS","22.22%","PASS","60s(-105--104) [0.95%]<=[1.99%] | <P>] PASS","0.95%","PASS","ONLINE"
"147",127,311,1,2021-05-17,"BU080321C00067","BU080321C00067","4496_F","210517_111646_0","v1.0.2.1_20210305_",-135,-105,22.22,-105,-104,0.95,"v1.0.2.1_20210305_","_OFFLINE TEST START","Firestorm_PA(Waterproof Test)",2021-05-17 11:15:33,2021-05-17 11:16:46,1.21666666666667,"5s(-135--105) [22.22%]<=[26.00%] | <P>] PASS","22.22%","PASS","60s(-105--104) [0.95%]<=[1.99%] | <P>] PASS","0.95%","PASS","OFFLINE"
"148",129,313,1,2021-05-17,"BU080321C00150","BU080321C00150","3920_F","210517_113633_0","v1.0.2.1_20210305_",-135,-106,21.48,-106,-105,0.94,"v1.0.2.1_20210305_","_OFFLINE TEST START","Firestorm_PA(Waterproof Test)",2021-05-17 11:35:20,2021-05-17 11:36:33,1.21666666666667,"5s(-135--106) [21.48%]<=[26.00%] | <P>] PASS","21.48%","PASS","60s(-106--105) [0.94%]<=[1.99%] | <P>] PASS","0.94%","PASS","OFFLINE"
